{"schemaVersion":"1.0","appDefinitionTemplate":{"id":"/providers/Microsoft.PowerApps/apps/","type":"Microsoft.PowerApps/apps","tags":{"primaryDeviceWidth":"640","primaryDeviceHeight":"1136","supportsPortrait":"true","supportsLandscape":"true","primaryFormFactor":"Phone","publisherVersion":"3.22091.11","minimumRequiredApiVersion":"2.2.0","hasComponent":"false","hasUnlockedComponent":"false","isUnifiedRootApp":"false","sienaVersion":"20220922T152716Z-3.22091.11.0"},"properties":{"appVersion":"2022-09-22T15:27:16Z","lifeCycleId":"Published","createdByClientVersion":{"major":3,"minor":22091,"build":11,"revision":0,"majorRevision":0,"minorRevision":0},"minClientVersion":{"major":3,"minor":22091,"build":11,"revision":0,"majorRevision":0,"minorRevision":0},"backgroundColor":"RGBA(0,176,240,1)","backgroundImageUri":"/6408796984015350968/N103b66ec-7b0b-4a6a-9200-532eed7b065e-logoSmallFile","displayName":"Leave Application","description":"","commitMessage":"","appUris":{"documentUri":{"value":"/6408796984015350968/N0c056616-bc57-4bc5-ba46-0973be78189c-document.msapp"},"imageUris":[],"additionalUris":[]},"createdTime":"0001-01-01T00:00:00Z","lastModifiedTime":"0001-01-01T00:00:00Z","sharedGroupsCount":0,"sharedUsersCount":0,"icons":{"smallIconUri":"/6408796984015350968/N4b81ff5c-e30f-4da7-9b52-d8cef3a663e5-small.png","mediumIconUri":"/6408796984015350968/N8ead4bc1-5400-42fc-a1c3-8d8c5188b967-medium.png","largeIconUri":"/6408796984015350968/N7ae0ffbf-1b3c-486a-a7d3-fa4bd3985755-large.png","wideIconUri":"/6408796984015350968/N11b2d47d-5cda-4c7c-b741-d0d7459dc87a-wide.png"},"connectionReferences":{},"databaseReferences":{"default.cds":{"databaseDetails":{"referenceType":"NotSpecified","environmentName":"default.cds","overrideValues":{"status":"NotSpecified"}},"dataSources":{"EmployeeLeaveData":{"entitySetName":"crd68_employeeleavedatas","logicalName":"crd68_employeeleavedata"},"EmployeeLeaveData - LeaveTypes":{"entitySetName":"crd68_employeeleavedateleavetypeses","logicalName":"crd68_employeeleavedateleavetypes"},"EmployeeLeaveData - Requests":{"entitySetName":"crd68_employeeleavedatarequestses","logicalName":"crd68_employeeleavedatarequests"}},"actions":["providers/PowerPlatform.Governance/Operations/Read"]}},"almMode":"Environment","performanceOptimizationEnabled":true,"canConsumeAppPass":true,"enableModernRuntimeMode":false,"executionRestrictions":{"isTeamsOnly":false,"dataLossPreventionEvaluationResult":{"status":"Compliant","lastEvaluationDate":"2022-09-22T15:27:33.2557221Z","violations":[],"violationsByPolicy":[],"violationErrorMessage":"The app uses the following connectors: shared_commondataservice."}}},"appType":"ClassicCanvasApp","appComponents":[]}}